transaction_id,payment_id,transaction_date,amount,transaction_type,status
TXN0001,PAY0001,2026-01-29T12:46:00Z,13465.66,CREDIT,SUCCESS
TXN0002,PAY0002,2026-01-24T13:15:00Z,6111.93,CREDIT,SUCCESS
TXN0003,PAY0003,2026-01-28T09:48:00Z,11076.29,CREDIT,SUCCESS
TXN0004,PAY0004,2026-01-10T02:15:00Z,5633.97,CREDIT,SUCCESS
TXN0005,PAY0004,2026-01-10T02:20:00Z,5633.97,CREDIT,SUCCESS
TXN0006,PAY0005,2026-01-10T13:08:00Z,12726.27,CREDIT,SUCCESS
TXN0007,PAY0006,2026-01-21T09:24:00Z,8964.97,CREDIT,SUCCESS
TXN0008,PAY0007,2026-01-28T16:31:00Z,3962.59,CREDIT,SUCCESS
TXN0009,PAY0008,2026-01-28T02:44:00Z,10177.1,CREDIT,SUCCESS
TXN0010,PAY0009,2026-01-20T05:56:00Z,2075.16,CREDIT,SUCCESS
TXN0011,PAY0010,2026-01-11T16:18:00Z,14300.53,CREDIT,SUCCESS
TXN0012,PAY0011,2026-01-26T17:41:00Z,12450.13,CREDIT,SUCCESS
TXN0013,PAY0012,2026-01-28T09:22:00Z,11325.28,CREDIT,SUCCESS
TXN0014,PAY0012,2026-01-28T09:27:00Z,11325.28,CREDIT,SUCCESS
TXN0015,PAY0013,2026-01-08T19:27:00Z,7433.08,CREDIT,SUCCESS
TXN0016,PAY0014,2026-01-29T08:45:00Z,1313.11,CREDIT,SUCCESS
TXN0017,PAY0015,2026-01-27T20:05:00Z,12085.69,CREDIT,SUCCESS
TXN0018,PAY0016,2026-01-11T08:27:00Z,13944.72,CREDIT,SUCCESS
TXN0019,PAY0017,2026-01-28T04:17:00Z,14193.59,CREDIT,SUCCESS
TXN0020,PAY0018,2026-01-20T20:01:00Z,6159.68,CREDIT,SUCCESS
TXN0021,PAY0019,2026-01-06T10:03:00Z,4012.74,CREDIT,SUCCESS
TXN0022,PAY0020,2026-01-04T05:54:00Z,8851.73,CREDIT,SUCCESS
TXN0023,PAY0021,2026-01-05T03:33:00Z,1447.75,CREDIT,SUCCESS
TXN0024,PAY0022,2026-01-25T22:17:00Z,3872.05,CREDIT,SUCCESS
TXN0025,PAY0023,2026-01-25T06:50:00Z,3942.99,CREDIT,SUCCESS
TXN0026,PAY0024,2026-01-23T08:56:00Z,1867.39,CREDIT,SUCCESS
TXN0027,PAY0025,2026-01-06T09:22:00Z,12765.12,CREDIT,SUCCESS
TXN0028,PAY0026,2026-01-18T23:50:00Z,1351.3,CREDIT,SUCCESS
TXN0029,PAY0027,2026-01-24T04:04:00Z,3192.87,CREDIT,SUCCESS
TXN0030,PAY0028,2026-01-07T06:29:00Z,7063.95,CREDIT,SUCCESS
TXN0031,PAY0029,2026-01-28T02:42:00Z,9756.98,CREDIT,SUCCESS
TXN0032,PAY0030,2026-01-25T17:35:00Z,2853.28,CREDIT,SUCCESS
TXN0033,PAY0031,2026-01-03T18:29:00Z,2829.5,CREDIT,SUCCESS
TXN0034,PAY0031,2026-01-03T18:34:00Z,2829.5,CREDIT,SUCCESS
TXN0035,PAY0032,2026-01-29T02:14:00Z,6500.94,CREDIT,SUCCESS
TXN0036,PAY0033,2026-01-06T12:03:00Z,4706.21,CREDIT,SUCCESS
TXN0037,PAY0034,2026-01-30T10:13:00Z,1302.32,CREDIT,SUCCESS
TXN0038,PAY0035,2026-01-26T16:44:00Z,1298.25,CREDIT,SUCCESS
TXN0039,PAY0036,2026-01-14T06:02:00Z,10084.77,CREDIT,SUCCESS
TXN0040,PAY0037,2026-01-05T08:35:00Z,8716.44,CREDIT,SUCCESS
TXN0041,PAY0038,2026-01-15T18:54:00Z,4985.61,CREDIT,SUCCESS
TXN0042,PAY0039,2026-01-21T22:22:00Z,3881.73,CREDIT,SUCCESS
TXN0043,PAY0040,2026-01-03T18:16:00Z,6987.16,CREDIT,SUCCESS
TXN0044,PAY0041,2026-01-13T08:59:00Z,1531.03,CREDIT,SUCCESS
TXN0045,PAY0042,2026-01-14T18:56:00Z,13007.08,CREDIT,SUCCESS
TXN0046,PAY0043,2026-01-17T16:36:00Z,12337.51,CREDIT,SUCCESS
TXN0047,PAY0044,2026-01-29T03:52:00Z,9980.34,CREDIT,SUCCESS
TXN0048,PAY0045,2026-01-08T17:07:00Z,4248.06,CREDIT,SUCCESS
TXN0049,PAY0046,2026-01-13T07:16:00Z,4493.76,CREDIT,SUCCESS
TXN0050,PAY0047,2026-01-14T22:33:00Z,7671.86,CREDIT,SUCCESS
TXN0051,PAY0048,2026-01-05T17:11:00Z,12275.04,CREDIT,SUCCESS
TXN0052,PAY0050,2026-01-10T06:58:00Z,2079.73,CREDIT,SUCCESS
TXN0053,PAY0051,2026-01-05T14:47:00Z,6597.27,CREDIT,SUCCESS
TXN0054,PAY0052,2026-01-14T21:45:00Z,3475.19,CREDIT,SUCCESS
TXN0055,PAY0053,2026-01-10T16:04:00Z,14228.23,CREDIT,SUCCESS
TXN0056,PAY0054,2026-01-04T20:08:00Z,13014.92,CREDIT,SUCCESS
TXN0057,PAY0055,2026-01-08T10:12:00Z,4281.31,CREDIT,SUCCESS
TXN0058,PAY0056,2026-01-24T14:53:00Z,3325.93,CREDIT,SUCCESS
TXN0059,PAY0057,2026-01-12T12:04:00Z,826.27,CREDIT,SUCCESS
TXN0060,PAY0058,2026-01-16T14:59:00Z,14229.49,CREDIT,SUCCESS
TXN0061,PAY0059,2026-01-27T21:48:00Z,10145.95,CREDIT,SUCCESS
TXN0062,PAY0060,2026-01-15T14:59:00Z,3027.45,CREDIT,SUCCESS
TXN0063,PAY0061,2026-01-18T03:45:00Z,5402.21,CREDIT,SUCCESS
TXN0064,PAY0064,2026-01-18T17:50:00Z,6618.73,CREDIT,SUCCESS
TXN0065,PAY0065,2026-01-17T08:11:00Z,10717.71,CREDIT,SUCCESS
TXN0066,PAY0066,2026-01-17T01:06:00Z,5125.06,CREDIT,SUCCESS
TXN0067,PAY0067,2026-01-20T20:19:00Z,9938.65,CREDIT,SUCCESS
TXN0068,PAY0068,2026-01-03T16:32:00Z,6260.33,CREDIT,SUCCESS
TXN0069,PAY0069,2026-01-31T07:50:00Z,11655.63,CREDIT,SUCCESS
TXN0070,PAY0070,2026-01-13T12:35:00Z,6773.09,CREDIT,SUCCESS
TXN0071,PAY0071,2026-01-16T20:08:00Z,9752.27,CREDIT,SUCCESS
TXN0072,PAY0072,2026-01-14T08:44:00Z,1817.03,CREDIT,SUCCESS
TXN0073,PAY0073,2026-01-05T21:33:00Z,2583.9,CREDIT,SUCCESS
TXN0074,PAY0074,2026-01-29T22:52:00Z,6961.46,CREDIT,SUCCESS
TXN0075,PAY0075,2026-01-03T19:19:00Z,3957.01,CREDIT,SUCCESS
TXN0076,PAY0076,2026-01-27T01:53:00Z,2989.35,CREDIT,SUCCESS
TXN0077,PAY0077,2026-01-09T02:42:00Z,13527.25,CREDIT,SUCCESS
TXN0078,PAY0078,2026-01-30T21:30:00Z,14527.95,CREDIT,SUCCESS
TXN0079,PAY0079,2026-01-28T12:34:00Z,6553.99,CREDIT,SUCCESS
TXN0080,PAY0080,2026-01-15T04:18:00Z,6885.49,CREDIT,SUCCESS
TXN0081,PAY0081,2026-01-14T16:25:00Z,7376.13,CREDIT,SUCCESS
TXN0082,PAY0082,2026-01-19T02:57:00Z,3822.16,CREDIT,SUCCESS
TXN0083,PAY0083,2026-01-21T00:35:00Z,2633.3,CREDIT,SUCCESS
TXN0084,PAY0084,2026-01-22T09:19:00Z,1402.69,CREDIT,SUCCESS
TXN0085,PAY0085,2026-01-23T00:02:00Z,1374.79,CREDIT,SUCCESS
TXN0086,PAY0087,2026-01-21T12:13:00Z,4733.28,CREDIT,SUCCESS
TXN0087,PAY0088,2026-01-13T16:02:00Z,11856.13,CREDIT,SUCCESS
TXN0088,PAY0089,2026-01-21T14:51:00Z,7390.97,CREDIT,SUCCESS
TXN0089,PAY0089,2026-01-21T14:56:00Z,7390.97,CREDIT,SUCCESS
TXN0090,PAY0090,2026-01-24T20:46:00Z,10780.62,CREDIT,SUCCESS
TXN0091,PAY0091,2026-01-21T19:33:00Z,873.19,CREDIT,SUCCESS
TXN0092,PAY0092,2026-01-19T23:13:00Z,1682.9,CREDIT,SUCCESS
TXN0093,PAY0093,2026-01-18T16:38:00Z,4186.82,CREDIT,SUCCESS
TXN0094,PAY0094,2026-01-21T00:12:00Z,11307.07,CREDIT,SUCCESS
TXN0095,PAY0095,2026-01-28T06:13:00Z,7173.06,CREDIT,SUCCESS
TXN0096,PAY0096,2026-01-05T08:12:00Z,11591.32,CREDIT,SUCCESS
TXN0097,PAY0097,2026-01-10T12:31:00Z,12415.44,CREDIT,SUCCESS
TXN0098,PAY0098,2026-01-13T14:13:00Z,8404.01,CREDIT,SUCCESS
TXN0099,PAY0099,2026-01-05T16:20:00Z,9099.73,CREDIT,SUCCESS
TXN0100,PAY0100,2026-01-18T02:55:00Z,8713.11,CREDIT,SUCCESS
